{
    "Hitbox_Data": [
        {
            "Model_ID": "Cartoon_House",
            "Collider_Num": 7,
            "Extent_0_x": 11.944999694824219,
            "Extent_0_y": 0.5,
            "Extent_0_z": 15.78499984741211,
            "Centre_0_x": 10.329999923706055,
            "Centre_0_y": 0.15000000596046449,
            "Centre_0_z": -19.65999984741211,
            "Extent_1_x": 5.614999771118164,
            "Extent_1_y": 1.0,
            "Extent_1_z": 0.7950000166893005,
            "Centre_1_x": 4.320000171661377,
            "Centre_1_y": 1.0850000381469727,
            "Centre_1_z": -4.764999866485596,
            "Extent_2_x": 3.2200000286102297,
            "Extent_2_y": 1.0,
            "Extent_2_z": 0.699999988079071,
            "Centre_2_x": 18.934999465942384,
            "Centre_2_y": 2.1549999713897707,
            "Centre_2_z": -4.699999809265137,
            "Extent_3_x": 0.6700000166893005,
            "Extent_3_y": 1.0,
            "Extent_3_z": 15.890000343322754,
            "Centre_3_x": -0.48500001430511477,
            "Centre_3_y": 2.5350000858306886,
            "Centre_3_z": -20.014999389648439,
            "Extent_4_x": 0.6700000166893005,
            "Extent_4_y": 1.0,
            "Extent_4_z": 15.0,
            "Centre_4_x": 21.3799991607666,
            "Centre_4_y": 2.5,
            "Centre_4_z": -20.0,
            "Extent_5_x": 5.614999771118164,
            "Extent_5_y": 1.0,
            "Extent_5_z": 0.7950000166893005,
            "Centre_5_x": 4.300000190734863,
            "Centre_5_y": 1.9249999523162842,
            "Centre_5_z": -34.685001373291019,
            "Extent_6_x": 3.0450000762939455,
            "Extent_6_y": 1.0,
            "Extent_6_z": 1.0,
            "Centre_6_x": 19.030000686645509,
            "Centre_6_y": 1.9249999523162842,
            "Centre_6_z": -34.685001373291019
        },
        {
            "Model_ID": "Cube",
            "Collider_Num": 1,
            "Extent_0_x": 0.5,
            "Extent_0_y": 0.5,
            "Extent_0_z": 0.5,
            "Centre_0_x": 0.0,
            "Centre_0_y": 0.0,
            "Centre_0_z": 0.0
        }
    ]
}