{
    "Hitbox_Data": [
        {
            "Model_ID": "Sponza",
            "Collider_Num": 6,
            "Extent_0_x": 0.6000000238418579,
            "Extent_0_y": 5.0,
            "Extent_0_z": 0.574999988079071,
            "Centre_0_x": 103.52000427246094,
            "Centre_0_y": -11.700000762939454,
            "Centre_0_z": -16.544998168945314,
            "Extent_1_x": 0.6000000238418579,
            "Extent_1_y": 8.0,
            "Extent_1_z": 0.574999988079071,
            "Centre_1_x": -82.3499984741211,
            "Centre_1_y": -14.700000762939454,
            "Centre_1_z": -16.299999237060548,
            "Extent_2_x": 0.6000000238418579,
            "Extent_2_y": 8.0,
            "Extent_2_z": 0.574999988079071,
            "Centre_2_x": -82.3499984741211,
            "Centre_2_y": -14.700000762939454,
            "Centre_2_z": 51.15999984741211,
            "Extent_3_x": 0.6000000238418579,
            "Extent_3_y": 8.0,
            "Extent_3_z": 0.574999988079071,
            "Centre_3_x": 103.125,
            "Centre_3_y": -14.700000762939454,
            "Centre_3_z": 50.70000076293945,
            "Extent_4_x": 7.755000114440918,
            "Extent_4_y": 1.9700000286102296,
            "Extent_4_z": 0.38999998569488528,
            "Centre_4_x": 7.97499942779541,
            "Centre_4_y": 0.03999900817871094,
            "Centre_4_z": 34.44000244140625,
            "Extent_5_x": 7.755000114440918,
            "Extent_5_y": 1.9700000286102296,
            "Extent_5_z": 0.38999998569488528,
            "Centre_5_x": 7.97499942779541,
            "Centre_5_y": 0.03999900817871094,
            "Centre_5_z": -2.299999237060547
        }
    ]
}